disease_name,rsid,risk_allele,p_value,odds_ratio
DiabetesMellitusType1,rs9273368,G,8e-40,2.99
DiabetesMellitusType1,rs1983890,C,3e-08,1.2302363
DiabetesMellitusType1,rs10786436,T,8e-07,1.1
DiabetesMellitusType1,rs2304256,C,4e-09,1.16
DiabetesMellitusType1,rs941576,A,1e-10,1.11
DiabetesMellitusType1,rs9388489,G,4e-13,1.17
DiabetesMellitusType1,rs4763879,A,2e-11,1.09
DiabetesMellitusType1,rs4900384,G,4e-09,1.09
DiabetesMellitusType1,rs7202877,G,3e-15,1.28
DiabetesMellitusType1,rs5753037,T,3e-16,1.1
DiabetesMellitusType1,rs2269241,G,4e-07,1.1
DiabetesMellitusType1,rs1534422,G,2e-06,1.08
DiabetesMellitusType1,rs2664170,G,8e-09,1.16
DiabetesMellitusType1,rs12444268,A,2e-07,1.1
DiabetesMellitusType1,rs10517086,A,5e-10,1.09
DiabetesMellitusType1,rs4788084,G,3e-13,1.09
DiabetesMellitusType1,rs1701704,C,9e-10,1.25
DiabetesMellitusType1,rs17696736,G,2e-14,1.34
DiabetesMellitusType1,rs6534347,A,2e-06,1.3
DiabetesMellitusType1,rs6679677,A,4.9999999999999996e-26,1.82
DiabetesMellitusType1,rs11171739,C,1e-11,1.34
DiabetesMellitusType1,rs12708716,A,5e-07,1.19
DiabetesMellitusType1,rs11052552,G,7e-07,1.49
DiabetesMellitusType1,rs17388568,A,3e-06,1.26
DiabetesMellitusType1,rs3764021,C,5e-08,1.57
DiabetesMellitusType1,rs9272346,G,5e-134,5.49
DiabetesMellitusType1,rs17166496,G,5e-06,1.3
DiabetesMellitusType1,rs11755527,G,5e-12,1.13
DiabetesMellitusType1,rs947474,G,4e-09,1.1
DiabetesMellitusType1,rs3825932,T,3e-15,1.16
DiabetesMellitusType1,rs229541,T,2e-08,1.11
DiabetesMellitusType1,rs416603,T,3e-06,1.06
DiabetesMellitusType1,rs6679677,A,1e-40,
DiabetesMellitusType1,rs3087243,A,8e-11,
DiabetesMellitusType1,rs17696736,G,6e-18,
DiabetesMellitusType1,rs2292239,A,3e-16,
DiabetesMellitusType1,rs2542151,C,9e-08,
DiabetesMellitusType1,rs9272346,G,6e-129,
DiabetesMellitusType1,rs2165738,C,4e-06,1.07
DiabetesMellitusType1,rs12251307,T,2e-06,
DiabetesMellitusType1,rs12708716,G,7e-13,
DiabetesMellitusType1,rs17696736,G,2e-16,1.22
DiabetesMellitusType1,rs763361,A,1e-08,1.16
DiabetesMellitusType1,rs1445898,G,8e-06,1.12
DiabetesMellitusType1,rs2292239,A,2e-20,1.28
DiabetesMellitusType1,rs12708716,A,3e-18,1.23
DiabetesMellitusType1,rs2542151,C,1e-14,1.3
DiabetesMellitusType1,rs2476601,T,2e-80,1.98
DiabetesMellitusType1,rs6897932,G,8e-06,1.12
DiabetesMellitusType1,rs9653442,G,5e-06,1.11
DiabetesMellitusType1,rs6679677,A,8.000000000000001e-24,1.89
DiabetesMellitusType1,rs3741208,T,2e-07,1.25
DiabetesMellitusType1,rs1990760,A,2e-11,1.18
DiabetesMellitusType1,rs3757247,A,1e-06,1.13
DiabetesMellitusType1,rs8035957,C,4e-06,1.14
DiabetesMellitusType1,rs9976767,C,2e-08,1.16
DiabetesMellitusType1,rs10758593,A,3e-06,1.13
DiabetesMellitusType1,rs1004446,C,4e-09,1.61
DiabetesMellitusType1,rs2903692,G,7e-11,1.54
DiabetesMellitusType1,rs2476601,A,1e-07,1.8
DiabetesMellitusType1,rs2647044,A,1e-16,8.3
DiabetesMellitusType1,rs3024505,G,5e-10,1.2
DiabetesMellitusType1,rs1990760,C,2e-14,1.2
DiabetesMellitusType1,rs17388568,A,6e-06,1.1
DiabetesMellitusType1,rs12722495,A,1e-38,1.61
DiabetesMellitusType1,rs1004446,G,3e-23,1.4
DiabetesMellitusType1,rs2292239,T,3e-27,1.3
DiabetesMellitusType1,rs12708716,G,5e-14,1.2
DiabetesMellitusType1,rs3788013,A,1e-07,1.1
DiabetesMellitusType1,rs743777,G,2e-06,1.1
DiabetesMellitusType1,rs3087243,A,2e-17,1.2
DiabetesMellitusType1,rs2069762,A,5e-07,1.12
DiabetesMellitusType1,rs4788084,C,1e-08,1.15
DiabetesMellitusType1,rs763361,C,1e-09,1.12
DiabetesMellitusType1,rs2476601,A,2e-111,2.0
DiabetesMellitusType1,rs3184504,T,2e-38,1.3
DiabetesMellitusType1,rs7171171,G,2e-07,
DiabetesMellitusType1,rs11755527,G,3e-08,1.1
DiabetesMellitusType1,rs1701704,T,5e-18,1.25
DiabetesMellitusType1,rs2872507,A,2e-06,1.1
DiabetesMellitusType1,rs689,A,5e-196,
DiabetesMellitusType1,rs2542151,G,4e-13,1.3
DiabetesMellitusType1,rs3864055,T,6e-06,1.79
DiabetesMellitusType1,rs12644905,C,4e-06,1.91
DiabetesMellitusType1,rs12203596,C,6e-06,2.84
DiabetesMellitusType1,rs9356171,A,9e-06,1.9
DiabetesMellitusType1,rs7871386,C,5e-06,2.54
DiabetesMellitusType1,rs11170445,T,8e-09,1.96
DiabetesMellitusType1,rs178050,A,7e-06,1.66
DiabetesMellitusType1,rs10751776,C,3e-08,
DiabetesMellitusType1,rs574384,A,2e-08,
DiabetesMellitusType1,rs12742756,G,4e-08,
DiabetesMellitusType1,rs855330,C,5e-11,
DiabetesMellitusType1,rs1493696,A,8e-09,
DiabetesMellitusType1,rs12128789,C,4e-09,
DiabetesMellitusType1,rs1881146,T,5e-08,
DiabetesMellitusType1,rs12464462,G,9e-10,
DiabetesMellitusType1,rs13018977,A,2e-08,
DiabetesMellitusType1,rs12644686,G,2e-08,
DiabetesMellitusType1,rs114378220,T,5e-09,
DiabetesMellitusType1,rs766751473,T,1e-08,
DiabetesMellitusType1,rs1050979,G,6e-14,
DiabetesMellitusType1,rs7805218,A,9e-09,
DiabetesMellitusType1,rs7795896,T,2e-16,
DiabetesMellitusType1,rs1947178,G,2e-09,
DiabetesMellitusType1,rs13259300,C,3e-10,
DiabetesMellitusType1,rs3802214,C,3e-08,
DiabetesMellitusType1,rs541856133,T,4e-17,
DiabetesMellitusType1,rs537544,T,9e-09,
DiabetesMellitusType1,rs78325861,G,2e-11,
DiabetesMellitusType1,rs140215710,A,4e-08,
DiabetesMellitusType1,rs7936434,C,4e-08,
DiabetesMellitusType1,rs607703,T,1e-10,
DiabetesMellitusType1,rs7301381,C,5e-11,
DiabetesMellitusType1,rs238265,G,2e-09,
DiabetesMellitusType1,rs4238595,C,2e-11,
DiabetesMellitusType1,rs8046043,C,2e-08,
DiabetesMellitusType1,rs61759532,T,2e-10,
DiabetesMellitusType1,rs11651753,T,1e-09,
DiabetesMellitusType1,rs57209021,T,4e-08,
DiabetesMellitusType1,rs74203920,T,2e-08,
DiabetesMellitusType1,rs705705,C,3.9999999999999997e-32,1.25
DiabetesMellitusType1,rs6691977,C,4e-08,1.13
DiabetesMellitusType1,rs9585056,C,3e-08,1.12
DiabetesMellitusType1,rs13415583,T,1e-07,1.1111112
DiabetesMellitusType1,rs56994090,T,1e-11,1.1363636
DiabetesMellitusType1,rs2111485,G,4e-18,1.1764705
DiabetesMellitusType1,rs34593439,G,9e-14,1.2820514
DiabetesMellitusType1,rs72871627,A,2e-06,1.6393442
DiabetesMellitusType1,rs12927355,C,3e-22,1.2195122
DiabetesMellitusType1,rs113010081,T,5e-08,1.1764705
DiabetesMellitusType1,rs8056814,A,3e-19,1.32
DiabetesMellitusType1,rs2611215,A,2e-11,1.18
DiabetesMellitusType1,rs757411,T,1e-07,1.1111112
DiabetesMellitusType1,rs72928038,A,6e-14,1.2
DiabetesMellitusType1,rs1893217,G,1e-15,1.21
DiabetesMellitusType1,rs62447205,A,3e-08,1.1235955
DiabetesMellitusType1,rs1615504,T,2e-11,1.13
DiabetesMellitusType1,rs6476839,T,1e-09,1.12
DiabetesMellitusType1,rs12720356,A,4e-07,1.2195122
DiabetesMellitusType1,rs10795791,G,6e-11,1.16
DiabetesMellitusType1,rs516246,T,5e-14,1.1494253
DiabetesMellitusType1,rs12416116,C,4e-15,1.1764705
DiabetesMellitusType1,rs11203202,G,1e-15,1.16
DiabetesMellitusType1,rs6518350,A,1e-07,1.1363636
DiabetesMellitusType1,rs4820830,C,1e-12,1.14
DiabetesMellitusType1,rs2476601,A,1e-100,1.89
DiabetesMellitusType1,rs653178,C,2e-44,1.3
DiabetesMellitusType1,rs3024505,G,6e-08,1.1627907
DiabetesMellitusType1,rs1456988,G,3e-08,1.12
DiabetesMellitusType1,rs4849135,G,4e-08,1.1235955
DiabetesMellitusType1,rs72727394,T,4e-10,1.15
DiabetesMellitusType1,rs35667974,T,9e-09,1.6949153
DiabetesMellitusType1,rs151234,C,5e-11,1.19
DiabetesMellitusType1,rs3087243,G,7e-21,1.1904762
DiabetesMellitusType1,rs193778,G,4e-10,1.14
DiabetesMellitusType1,rs75793288,G,6e-13,1.15
DiabetesMellitusType1,rs12453507,G,1e-08,1.1111112
DiabetesMellitusType1,rs11954020,G,4e-08,1.11
DiabetesMellitusType1,rs1052553,A,8e-08,1.1235955
DiabetesMellitusType1,rs1538171,G,7e-10,1.12
DiabetesMellitusType1,rs12971201,G,2e-06,1.1235955
DiabetesMellitusType1,rs10277986,A,1e-07,1.3157895
DiabetesMellitusType1,rs34536443,G,4e-15,1.4925373
DiabetesMellitusType1,rs61839660,C,3e-39,1.6129031
DiabetesMellitusType1,rs402072,T,5e-08,1.1494253
DiabetesMellitusType1,rs41295121,C,5e-08,2.0408163
DiabetesMellitusType1,rs6043409,G,3e-10,1.1363636
DiabetesMellitusType1,rs689,T,1e-100,2.3809524
DiabetesMellitusType1,rs72853903,C,6e-10,1.1764705
DiabetesMellitusType1,rs917911,C,2e-07,1.1
DiabetesMellitusType1,rs229533,C,2e-08,1.11
DiabetesMellitusType1,rs4320356,T,3e-08,1.26
DiabetesMellitusType1,rs3802604,C,2e-08,1.24
DiabetesMellitusType1,rs1770,G,2e-232,4.28
DiabetesMellitusType1,rs705699,T,7e-20,1.46
DiabetesMellitusType1,rs13147255,A,1e-08,1.318
DiabetesMellitusType1,rs857786,T,6e-09,1.322
DiabetesMellitusType1,rs10213692,C,3e-09,0.912
DiabetesMellitusType1,rs9405661,A,2e-09,1.08
DiabetesMellitusType1,rs12665429,C,1e-13,0.907
DiabetesMellitusType1,rs212408,T,1e-15,1.112
DiabetesMellitusType1,rs17143056,G,2e-08,0.909
DiabetesMellitusType1,rs10245867,T,3e-08,0.928
DiabetesMellitusType1,rs2250903,T,1e-10,0.905
DiabetesMellitusType1,rs1405209,C,3e-08,1.075
DiabetesMellitusType1,rs722988,C,3e-15,1.108
DiabetesMellitusType1,rs11033048,T,2e-10,1.091
DiabetesMellitusType1,rs79538630,T,1e-09,1.213
DiabetesMellitusType1,rs968567,T,8e-09,0.903
DiabetesMellitusType1,rs645078,C,3e-09,0.925
DiabetesMellitusType1,rs605093,T,4e-09,1.077
DiabetesMellitusType1,rs1805731,C,4e-08,1.073
DiabetesMellitusType1,rs7313065,A,3e-09,1.101
DiabetesMellitusType1,rs74537115,T,5e-09,1.109
DiabetesMellitusType1,rs911263,T,3e-08,1.083
DiabetesMellitusType1,rs4238595,C,2e-11,0.912
DiabetesMellitusType1,rs1052553,G,2e-15,0.879
DiabetesMellitusType1,rs2597169,G,3e-09,1.081
DiabetesMellitusType1,rs56178904,T,7e-11,0.898
DiabetesMellitusType1,rs2269242,C,5e-12,1.11
DiabetesMellitusType1,rs968567,T,8e-09,0.903
DiabetesMellitusType1,rs2641348,G,2e-08,1.113
DiabetesMellitusType1,rs605093,T,4e-09,1.077
DiabetesMellitusType1,rs78037977,G,2e-09,0.884
DiabetesMellitusType1,rs7313065,A,3e-09,1.101
DiabetesMellitusType1,rs74537115,T,5e-09,1.109
DiabetesMellitusType1,rs911263,T,3e-08,1.083
DiabetesMellitusType1,rs4238595,C,2e-11,0.912
DiabetesMellitusType1,rs1052553,G,2e-15,0.879
DiabetesMellitusType1,rs2597169,G,3e-09,1.081
DiabetesMellitusType1,rs56178904,T,7e-11,0.898
DiabetesMellitusType1,rs34090353,C,1e-08,1.078
DiabetesMellitusType1,rs2641348,G,2e-08,1.113
DiabetesMellitusType1,rs2229238,C,1e-12,0.896
DiabetesMellitusType1,rs78037977,G,2e-09,0.884
DiabetesMellitusType1,rs2816313,A,5e-09,1.09
DiabetesMellitusType1,rs11120029,T,2e-08,1.102
DiabetesMellitusType1,rs10169963,T,3e-08,1.074
DiabetesMellitusType1,rs10245867,T,3e-08,0.928
DiabetesMellitusType1,rs2250903,T,1e-10,0.905
DiabetesMellitusType1,rs1405209,C,3e-08,1.075
DiabetesMellitusType1,rs722988,C,3e-15,1.108
DiabetesMellitusType1,rs337637,A,3e-10,0.919
DiabetesMellitusType1,rs1876142,T,2e-14,0.905
DiabetesMellitusType1,rs79538630,T,1e-09,1.213
DiabetesMellitusType1,rs34090353,C,1e-08,1.078
DiabetesMellitusType1,rs645078,C,3e-09,0.925
DiabetesMellitusType1,rs2229238,C,1e-12,0.896
DiabetesMellitusType1,rs1805731,C,4e-08,1.073
DiabetesMellitusType1,rs2816313,A,5e-09,1.09
DiabetesMellitusType1,rs11120029,T,2e-08,1.102
DiabetesMellitusType1,rs10169963,T,3e-08,1.074
DiabetesMellitusType1,rs12712067,T,4e-09,0.925
DiabetesMellitusType1,rs7582694,G,3e-09,0.916
DiabetesMellitusType1,rs10933559,G,3e-11,1.109
DiabetesMellitusType1,rs113881148,A,6e-09,1.082
DiabetesMellitusType1,rs337637,A,3e-10,0.919
DiabetesMellitusType1,rs1876142,T,2e-14,0.905
DiabetesMellitusType1,rs10213692,C,3e-09,0.912
DiabetesMellitusType1,rs9405661,A,2e-09,1.08
DiabetesMellitusType1,rs2269242,C,5e-12,1.11
DiabetesMellitusType1,rs12665429,C,1e-13,0.907
DiabetesMellitusType1,rs212408,T,1e-15,1.112
DiabetesMellitusType1,rs17143056,G,2e-08,0.909
DiabetesMellitusType1,rs12712067,T,4e-09,0.925
DiabetesMellitusType1,rs7582694,G,3e-09,0.916
DiabetesMellitusType1,rs10933559,G,3e-11,1.109
DiabetesMellitusType1,rs113881148,A,6e-09,1.082
DiabetesMellitusType1,rs11033048,T,2e-10,1.091
DiabetesMellitusType1,rs689,T,1e-160,2.21
DiabetesMellitusType1,rs2128344,A,8e-12,2.12
DiabetesMellitusType1,rs60587303,C,3e-09,1.97
DiabetesMellitusType1,rs192324744,G,2e-11,1.63
DiabetesMellitusType1,rs34536443,G,2e-11,1.45
DiabetesMellitusType1,rs2269247,T,1e-10,1.17
DiabetesMellitusType1,rs926169,T,9e-06,1.28
DiabetesMellitusType1,rs9273363,A,5e-138,5.48
DiabetesMellitusType1,rs1578060,C,2e-06,1.42
DiabetesMellitusType1,rs3842727,T,1e-13,1.53
DiabetesMellitusType1,rs56380902,C,1e-08,1.35
DiabetesMellitusType1,rs2476601,G,9.999999999999999e-51,
DiabetesMellitusType1,rs7567242,A,4e-09,
DiabetesMellitusType1,rs9273367,T,6e-306,
DiabetesMellitusType1,rs17711850,C,2e-09,
DiabetesMellitusType1,rs3757787,T,1e-08,
DiabetesMellitusType1,rs10811662,A,1e-10,
DiabetesMellitusType1,rs7903146,T,1e-14,
DiabetesMellitusType1,rs706779,C,3e-08,
DiabetesMellitusType1,rs3842753,G,8e-44,
DiabetesMellitusType1,rs3184504,C,4e-14,
DiabetesMellitusType1,rs10876866,A,3e-08,
DiabetesMellitusType1,rs7167984,A,3e-08,
DiabetesMellitusType1,rs113935429,A,1e-08,
DiabetesMellitusType1,rs2847278,T,1e-09,
DiabetesMellitusType1,rs138748427,A,3e-09,
DiabetesMellitusType1,rs3757787,T,1e-08,
DiabetesMellitusType1,rs2237897,T,2e-08,
DiabetesMellitusType1,rs9271365,T,2e-18,
DiabetesMellitusType1,rs11009245,T,7e-06,
DiabetesMellitusType1,rs689,A,8e-06,
DiabetesMellitusType1,rs9273364,T,3e-26,
DiabetesMellitusType1,rs722988,T,3e-06,
DiabetesMellitusType1,rs6679677,A,1e-21,
DiabetesMellitusType1,rs9271365,T,8e-317,
DiabetesMellitusType1,rs35726503,A,3e-06,
DiabetesMellitusType1,rs61839660,T,2e-07,
DiabetesMellitusType1,rs737391,A,4e-07,
DiabetesMellitusType1,rs689,A,2.0000000000000002e-39,
DiabetesMellitusType1,rs7302200,A,4e-12,
DiabetesMellitusType1,rs597808,A,6e-10,
DiabetesMellitusType1,rs35829240,G,1e-06,
DiabetesMellitusType1,rs9273364,T,3e-82,
DiabetesMellitusType1,rs722988,T,1e-08,
DiabetesMellitusType1,rs10770140,T,1e-09,
DiabetesMellitusType1,rs6679677,A,1e-22,
DiabetesMellitusType1,rs1427679,A,3e-07,
DiabetesMellitusType1,rs9271365,T,0.0,
DiabetesMellitusType1,rs35726503,A,4e-07,
DiabetesMellitusType1,rs61839660,T,2e-08,
DiabetesMellitusType1,rs11009245,T,5e-07,
DiabetesMellitusType1,rs737391,A,2e-08,
DiabetesMellitusType1,rs689,A,2.0000000000000003e-45,
DiabetesMellitusType1,rs7302200,A,8e-13,
DiabetesMellitusType1,rs597808,A,5e-11,
DiabetesMellitusType1,rs35829240,G,5e-07,
DiabetesMellitusType1,rs9271365,T,1e-37,
DiabetesMellitusType1,rs9273364,T,8e-58,
DiabetesMellitusType1,rs10770140,T,4e-07,
DiabetesMellitusType1,rs4263714,A,4e-06,
DiabetesMellitusType1,rs4929965,G,2e-31,
DiabetesMellitusType1,rs72802342,A,6e-10,
DiabetesMellitusType1,rs4366464,C,1e-09,
DiabetesMellitusType1,rs78896587,T,1e-09,
DiabetesMellitusType1,rs10974438,C,1e-06,
DiabetesMellitusType1,rs2269247,T,2e-06,
DiabetesMellitusType1,rs56337234,T,4e-06,
DiabetesMellitusType1,rs11725853,A,8e-07,
DiabetesMellitusType1,rs2410601,G,4e-06,
DiabetesMellitusType1,rs2523989,A,2e-08,1.7499
DiabetesMellitusType1,rs886424,A,3e-14,2.2107
DiabetesMellitusType1,rs2251396,T,1e-22,2.2132
DiabetesMellitusType1,rs2857595,T,2.0000000000000002e-23,2.3765
DiabetesMellitusType1,rs1270942,C,5e-25,3.0494
DiabetesMellitusType1,rs1980493,G,2e-20,2.5034
DiabetesMellitusType1,rs1015166,T,4e-22,2.1428
DiabetesMellitusType1,rs2153977,T,4e-07,1.491
DiabetesMellitusType1,rs2476601,A,7e-20,2.7073
DiabetesMellitusType1,rs2358994,A,2e-11,1.8688
DiabetesMellitusType1,rs7679475,A,4e-10,1.6198
DiabetesMellitusType1,rs114631266,C,2e-06,
DiabetesMellitusType1,rs2471863,C,8e-07,
DiabetesMellitusType1,rs34941730,G,2e-09,
DiabetesMellitusType1,rs45626136,C,1e-06,
DiabetesMellitusType1,rs116020851,C,3e-07,
DiabetesMellitusType1,rs1265057,C,2e-06,
DiabetesMellitusType1,rs116763857,G,1e-14,
DiabetesMellitusType1,rs9264758,G,3e-07,
DiabetesMellitusType1,rs9501130,G,2e-11,
DiabetesMellitusType1,rs3093664,G,3e-07,
DiabetesMellitusType1,rs3134938,C,8e-07,
DiabetesMellitusType1,rs926592,C,6e-06,
DiabetesMellitusType1,rs3135365,C,9e-06,
DiabetesMellitusType1,rs9268576,C,2e-08,
DiabetesMellitusType1,rs7760731,C,6e-11,
DiabetesMellitusType1,rs9275358,G,3e-07,
DiabetesMellitusType1,rs35122968,C,4e-11,
DiabetesMellitusType1,rs3997848,G,2e-14,
DiabetesMellitusType1,rs241427,G,4e-06,
DiabetesMellitusType1,rs4148870,C,2e-06,
DiabetesMellitusType1,rs3128930,C,7e-06,
DiabetesMellitusType1,rs17407280,C,7e-06,
DiabetesMellitusType1,rs10919543,G,6e-06,
DiabetesMellitusType1,rs7524087,G,8e-06,
DiabetesMellitusType1,rs77155259,G,2e-06,
DiabetesMellitusType1,rs111821448,C,5e-06,
DiabetesMellitusType1,rs139881548,C,7e-06,
DiabetesMellitusType1,rs34740712,C,5e-06,
DiabetesMellitusType1,rs4513644,T,8e-07,
DiabetesMellitusType1,rs78824139,C,9e-06,
DiabetesMellitusType1,rs6461299,C,2e-06,
DiabetesMellitusType1,rs10255565,C,1e-06,
DiabetesMellitusType1,rs35766765,G,3e-06,
DiabetesMellitusType1,rs74629033,G,5e-06,
DiabetesMellitusType1,rs10961433,G,2e-06,
DiabetesMellitusType1,rs4837404,G,5e-06,
DiabetesMellitusType1,rs1110458,C,8e-06,
DiabetesMellitusType1,rs2941522,C,7e-09,
DiabetesMellitusType1,rs10258381,G,5e-06,
DiabetesMellitusType1,rs3842727,A,3e-07,1.9841269
DiabetesMellitusType1,rs73043122,C,4e-06,3.351
DiabetesMellitusType1,rs113306148,A,3e-06,3.067
DiabetesMellitusType1,rs10831551,C,5e-06,2.219
DiabetesMellitusType1,rs428595,A,2e-06,3.424
DiabetesMellitusType1,rs10399665,C,4e-08,1.03
DiabetesMellitusType1,rs139007490,C,2e-08,0.92
DiabetesMellitusType1,rs4645215,C,6e-09,0.97
DiabetesMellitusType1,rs9507792,C,2e-08,0.96
DiabetesMellitusType1,rs6679677,A,2e-06,1.46
DiabetesMellitusType1,rs3184504,A,4e-07,1.35
DiabetesMellitusType1,rs428595,A,1e-06,2.47
DiabetesMellitusType1,rs6679677,A,2e-06,1.592
DiabetesMellitusType1,rs3842727,A,1e-07,1.6638935
DiabetesMellitusType1,rs11705721,G,9e-06,1.41
DiabetesMellitusType1,rs28600853,G,6e-06,3.233
DiabetesMellitusType1,rs3842727,A,6e-06,1.7513134
DiabetesMellitusType1,rs9934817,G,8e-06,2.663
DiabetesMellitusType1,rs11580078,G,8e-11,
DiabetesMellitusType1,rs6679677,A,8e-11,
DiabetesMellitusType1,rs34884278,C,4e-07,
DiabetesMellitusType1,rs6689858,C,2e-07,
DiabetesMellitusType1,rs55705316,G,1e-06,
DiabetesMellitusType1,rs2075184,T,9e-08,
DiabetesMellitusType1,rs36001488,C,8e-11,
DiabetesMellitusType1,rs4676410,A,2e-07,
DiabetesMellitusType1,rs4625,G,8e-11,
DiabetesMellitusType1,rs62324212,A,3e-08,
DiabetesMellitusType1,rs7725052,C,8e-11,
DiabetesMellitusType1,rs7731626,A,1e-10,
DiabetesMellitusType1,rs4869313,T,9e-08,
DiabetesMellitusType1,rs11741255,A,2e-09,
DiabetesMellitusType1,rs755374,T,2e-10,
DiabetesMellitusType1,rs36051895,T,9e-08,
DiabetesMellitusType1,rs4246905,T,1e-08,
DiabetesMellitusType1,rs11145763,C,3e-08,
DiabetesMellitusType1,rs706778,T,6e-09,
DiabetesMellitusType1,rs10822050,C,8e-11,
DiabetesMellitusType1,rs1250563,C,1e-08,
DiabetesMellitusType1,rs1332099,T,9e-11,
DiabetesMellitusType1,rs17885785,T,8e-11,
DiabetesMellitusType1,rs17466626,G,3e-10,
DiabetesMellitusType1,rs1689510,C,4e-09,
DiabetesMellitusType1,rs72743477,G,8e-11,
DiabetesMellitusType1,rs12598357,G,4e-09,
DiabetesMellitusType1,rs12928404,C,6e-07,
DiabetesMellitusType1,rs117372389,T,8e-11,
DiabetesMellitusType1,rs12232497,C,3e-07,
DiabetesMellitusType1,rs62131887,T,4e-07,
DiabetesMellitusType1,rs602662,G,5e-08,
DiabetesMellitusType1,rs2738774,A,9e-07,
DiabetesMellitusType1,rs2836882,A,5e-08,
DiabetesMellitusType1,rs2066363,C,8e-11,
DiabetesMellitusType1,rs114846446,A,2e-07,
DiabetesMellitusType1,rs7672495,C,1e-07,
DiabetesMellitusType1,rs7660520,A,8e-11,
DiabetesMellitusType1,rs7831697,G,5e-07,
DiabetesMellitusType1,rs7042370,T,1e-07,
DiabetesMellitusType1,rs10988542,C,7e-07,
DiabetesMellitusType1,rs7100025,G,8e-11,
DiabetesMellitusType1,rs11839053,C,1e-06,
DiabetesMellitusType1,rs77150043,T,6e-09,
DiabetesMellitusType1,rs2807264,C,1e-08,
DiabetesMellitusType1,rs12863738,T,6e-08,
